locus,motif,forward_primer,reverse_primer,dye
TB17,(AACG)~6~,CCTCAAAGCCGACGTGTAG,ACATAAGCTTCGGTGGTTGC,FAM
TB45,(AAC)~10~,GAGGCTTCAATTGGTTTTCG,CTTACGGTATCGTGCAGCAG,FAM
TB73,(AGC)~10~,CAGACACAGACACGCACCTT,TCTCATTGTGTGATTTATGCGA,FAM
TB84,(AG)~12~,CAGCAGCGACGAGTACAAAG,TATAACGATTCGGAGTCGGC,FAM
TB100,(AC)~14~,CGAAGCTGCTCTCGAATAGG,GGGAAAGTGAACGAGCGATA,FAM
TB112,(AAC)~15~,AATTCCTAGTCGGAAGCCG,AGTGTACACGCATACACGGG,FAM
TB5,(AGC)~11~,TCGAAGTCGAAGCTCGTTG,GACGTCGAAACTTGATGCTG,VIC
TB10,(AAG)~8~,GGCCTATGCGTATCTTGGAC,TGCTACCGTCGTTGAACTTG,VIC
TB39,(AG)~13~,ATATACCAGCGGAGCAAAGC,GCGTGCATAAAACAGTGGTC,VIC
TB107,(AC)~14~,AACGAGGCTACACGTGGATAA,CACAAGTTGCACGAGTAACGA,VIC
TB3,(AG)~10~,AACTTCTGTGCAAAGCCTCG,CAAGAGAGCGAGCGAGAGAG,NED
TB15,(AG)~19~,TGATAGAGAAGGGCAAACGG,ACGGCAGTCTGCAAGAGAAG,NED
TB48,(ACT)~10~,TATACGCCGACGAGTTTGG,TGCTGCAGGTCAGGTGTCTA,NED
TB75,(AG)~20~,GCGCATACCTAGCACCAAGT,CATACCGTACGGCAACGAC,NED
TB101,(AAC)~14~,TATGTACGCAGCTACACCGC,CTCGGCCATTCTTTATTTCG,NED
TB24,(ACT)~8~,TTCTTTCACGCTCACACCC,GTTTTGCAGCTCGTGACAAC,PET
TB42,(AC)~12~,CTTCTAGCTTGCCTCCATCG,GAGCGGAGCATTTCAATCTT,PET
TB76,(ACT)~13~,TACATATGCAGGCGATACACTGA,GTGCACAGGCTGCTTCATATAC,PET
TB99,(ACT)~15~,GTAGATTGCAGAAGCGGTGC,GTCCGATCGATCCAATGGT,PET
